{
    "BITTERDB": {
        "res_BitterDB.txt": [
            4.316935150092938e-80,
            1.5e-128,
            3.2e-78
        ],
        "res_full.txt": [
            2.202701743921694e-11,
            9.9e-129,
            2.3e-08
        ],
        "res_full_length_sequences.txt": [
            1.1501940645392385e-10,
            1.2e-198,
            2.2e-07
        ],
        "res_mammalia_TAS2R.txt": [
            1.1044773576323032e-11,
            9.9e-129,
            1.5e-08
        ],
        "res_rp15.txt": [
            3.2968810488660664e-11,
            3.2e-127,
            5.3e-09
        ],
        "res_rp75.txt": [
            6.009353352465188e-11,
            1.8e-129,
            6e-08
        ],
        "res_seed.txt": [
            1.9501880950179e-77,
            3.3e-127,
            3.9e-76
        ],
        "general_mean": 5.505485690610108e-11
    },
    "FULL": {
        "res_BitterDB.txt": [
            1.18969920744137e-84,
            4.4e-138,
            8.8e-83
        ],
        "res_full.txt": [
            4.064120613543248e-12,
            7.9e-140,
            5.6e-09
        ],
        "res_full_length_sequences.txt": [
            3.2117839836183434e-11,
            2.4e-203,
            4.8e-08
        ],
        "res_mammalia_TAS2R.txt": [
            5.7101173027840845e-15,
            7.9e-140,
            6.8e-12
        ],
        "res_rp15.txt": [
            5.6544771223364486e-11,
            3.2e-137,
            9.4e-09
        ],
        "res_rp75.txt": [
            8.615957155789364e-12,
            2.3e-140,
            9.4e-09
        ],
        "res_seed.txt": [
            9.515351200000167e-85,
            3.5e-137,
            1.9e-83
        ],
        "general_mean": 1.3406811716679598e-11
    },
    "FULL_LENGTH_SEQUENCES": {
        "res_BitterDB.txt": [
            7.215229337882279e-85,
            2.2e-149,
            5e-83
        ],
        "res_full.txt": [
            4.461591447223383e-10,
            8.2e-151,
            6.7e-07
        ],
        "res_full_length_sequences.txt": [
            2.632638755260128e-10,
            7e-218,
            5e-07
        ],
        "res_mammalia_TAS2R.txt": [
            2.060442356243315e-10,
            8.2e-151,
            2.8e-07
        ],
        "res_rp15.txt": [
            2.746479026291709e-09,
            3.6e-148,
            5.4e-07
        ],
        "res_rp75.txt": [
            1.6722649340771418e-09,
            1.1e-151,
            2.1e-06
        ],
        "res_seed.txt": [
            3.5500700000479506e-83,
            4.5e-148,
            7.1e-82
        ],
        "general_mean": 7.330330560631526e-10
    },
    "MAMMALIA_TAS2R": {
        "res_BitterDB.txt": [
            4.5333333506867087e-69,
            5.1e-127,
            3.4e-67
        ],
        "res_full.txt": [
            1.1265580055365302e-11,
            2.4e-129,
            1.2e-08
        ],
        "res_full_length_sequences.txt": [
            6.114292710590782e-11,
            1.6e-192,
            6.4e-08
        ],
        "res_mammalia_TAS2R.txt": [
            5.434957440670429e-14,
            2.4e-129,
            7.3e-11
        ],
        "res_rp15.txt": [
            9.159856150066419e-11,
            3.7e-127,
            1.9e-08
        ],
        "res_rp75.txt": [
            8.96620292571479e-11,
            1.4e-129,
            1.3e-07
        ],
        "res_seed.txt": [
            5.5007501296350426e-76,
            4.3e-127,
            1.1e-74
        ],
        "general_mean": 4.5232039570694784e-11
    },
    "RP15": {
        "res_BitterDB.txt": [
            2.1473393468243194e-73,
            1.9e-111,
            9.5e-72
        ],
        "res_full.txt": [
            9.551167322258843e-12,
            3.5e-113,
            2e-08
        ],
        "res_full_length_sequences.txt": [
            9.23142413220079e-13,
            1.7e-182,
            2e-09
        ],
        "res_mammalia_TAS2R.txt": [
            1.506611045212652e-11,
            3.5e-113,
            2e-08
        ],
        "res_rp15.txt": [
            6.147112993925235e-14,
            1.6e-111,
            1.3e-11
        ],
        "res_rp75.txt": [
            3.1658065770831045e-11,
            5.5e-114,
            4.6e-08
        ],
        "res_seed.txt": [
            2.55500445319275e-72,
            1.7e-111,
            4.2e-71
        ],
        "general_mean": 1.3590542716103901e-11
    },
    "RP75": {
        "res_BitterDB.txt": [
            3.884957347790489e-78,
            3.6e-124,
            2.4e-76
        ],
        "res_full.txt": [
            3.241445707578459e-13,
            1.7e-126,
            6.3e-10
        ],
        "res_full_length_sequences.txt": [
            1.7508030095999794e-12,
            7.5e-186,
            3.2e-09
        ],
        "res_mammalia_TAS2R.txt": [
            1.0642043294864606e-14,
            1.7e-126,
            1.3e-11
        ],
        "res_rp15.txt": [
            7.952061955607517e-12,
            2.4e-124,
            1.7e-09
        ],
        "res_rp75.txt": [
            1.2597641423892908e-12,
            5.4e-127,
            1.7e-09
        ],
        "res_seed.txt": [
            8.000550000000435e-77,
            3.1e-124,
            1.6e-75
        ],
        "general_mean": 1.0939385907051945e-12
    },
    "SEED": {
        "res_BitterDB.txt": [
            8.273330418714696e-64,
            5.7e-126,
            6.2e-62
        ],
        "res_full.txt": [
            3.955084430767435e-12,
            4.9e-126,
            3.9e-09
        ],
        "res_full_length_sequences.txt": [
            6.074243154279689e-12,
            7.9e-200,
            2e-09
        ],
        "res_mammalia_TAS2R.txt": [
            8.007872672741732e-14,
            4.9e-126,
            6.9e-11
        ],
        "res_rp15.txt": [
            7.002407984306981e-12,
            5.3e-126,
            1.1e-09
        ],
        "res_rp75.txt": [
            7.1521638087624045e-12,
            5.3e-126,
            5.2e-09
        ],
        "res_seed.txt": [
            1.0344120619400024e-92,
            4.9e-126,
            2e-91
        ],
        "general_mean": 4.749959977835041e-12
    }
}